,k,g_0,fe,fo,zeta,nu,theta,delta USA,delta EUR,delta JAP,delta CHN,delta BRA,delta IND,delta CAN,delta KOR,delta RUS,delta MEX,delta ROW,eta USA,eta EUR,eta JAP,eta CHN,eta BRA,eta IND,eta CAN,eta KOR,eta RUS,eta MEX,eta ROW,T Non patent USA,T Non patent EUR,T Non patent JAP,T Non patent CHN,T Non patent BRA,T Non patent IND,T Non patent CAN,T Non patent KOR,T Non patent RUS,T Non patent MEX,T Non patent ROW,T Patent USA,T Patent EUR,T Patent JAP,T Patent CHN,T Patent BRA,T Patent IND,T Patent CAN,T Patent KOR,T Patent RUS,T Patent MEX,T Patent ROW
kappa,0.006970819427569719,0.0009691630888775116,-0.006299307243521346,-0.01690068129308442,-0.005025507074779001,0.014071332475844578,0.00011150886871535981,0.018611072257449512,-0.28169260301885823,0.027500189201052905,-0.03858244106180131,-0.050692458303543964,-0.040712780173662866,-0.0670359489530592,-0.07187560171903029,-0.04762955957402337,-0.04845761295830531,0.005458305637283667,-1.9826478696362404,-1.9031561335527136,-2.213675191081698,-2.1400480722554938,-2.970063739590012,-2.325524812299119,-2.6919349954703375,-2.3699437044908875,-2.9523170682229094,-3.0986689278213997,-1.7892361790437494,8.065559786718524e-06,-0.006941941567655263,-0.0007386947004889288,-0.00449332995411722,-0.00420852389978188,0.01016980074644458,-0.014106029242462736,-0.01175798978742204,-0.0026462335672505777,-0.00039913056898044363,-0.018150898718313768,-0.00020401938986336354,-0.00028462927476546884,-0.02056342985155002,-0.008966397166195184,-0.0030446425519548015,-0.023466085705496353,-0.00439930176870329,-0.011369889101958686,-0.003643738945133257,-0.007145878867428901,0.020367133279395322
rho,0.08321701622214128,-0.0029597238601508646,-0.3502158488937307,0.3886747065214258,0.09974155998426326,-0.22514090507577633,-0.006275724438543628,-0.337357256591842,-0.5687424188160706,-0.28539189490345174,-0.21083926575789447,-0.2905535099326845,-0.20705176453402252,-0.422907839571785,-0.4656721789865015,-0.266742965184657,-0.24758038283732853,-0.11931971495191152,0.42423436590392716,0.38556231529867646,0.5900285318126763,0.27770244750193074,0.35828819016799796,0.32952482269311467,0.4592428474767929,0.4825153238785551,0.3473486907202672,0.3539192696095961,0.27855716024330124,0.0015655709378958882,0.005031185890501666,-0.0005002871881149007,0.00047674501553851556,0.0008527636781230363,-0.00013683785793416892,-0.002793770416293917,-0.0011866586613923369,0.00015376704466385505,3.4659461046748774e-05,0.0062874728016981685,0.012459329676894892,0.013407520332469058,-0.0004986155181768703,0.010561209746220435,0.01298578750892676,0.019623762635812003,0.009156466544600894,0.008364919706664864,0.00948762488123256,0.010830048568141182,0.007798775873211206
sigma,0.30299717014903416,-0.00638567203097018,-0.9246662357233754,3.5620004515243195,-2.972242363031437,-2.3164798047490103,-0.10596798566931354,-2.7385262415481413,-2.854678027635679,-2.653490238295001,-2.4106085675767894,-2.454463889196135,-2.190910446523444,-2.8667977786679186,-3.2128796983937167,-2.3392666453198445,-2.168954462886744,-1.8515103038726877,0.672923434684618,0.7067887197531308,2.308508665825477,0.0870954628451559,2.7513094804684077,1.9947832170860524,3.1755281381832843,3.493822405609095,2.7132852620640335,2.53433932122164,0.9074853285265383,0.022654183576023,-0.016171370709969768,-0.09830439628455978,-0.02146172284643255,-0.0736930327701596,0.19518265534324675,0.011796490368667367,-0.01545599892746774,-0.006803941861024954,-0.44248450206562095,0.09263234628191008,0.19257716313567763,0.23380859116403085,0.29157927925174687,0.27658563342532805,0.36500057429844524,-0.07639464515147354,0.20163799697604068,0.2197814676606724,0.24543389245091474,1.0674667861219977,0.07917952375873227
GPDIFF,0.14560707069753098,-0.45724433658685226,-0.48772166894648195,0.4182587449503983,-0.9116807232121305,-0.010802074065962008,0.0038489013088260915,0.003461511170600451,-0.44634208603609615,-0.3276765669220094,-0.09426681629671418,-0.27328032296827176,-0.1835395160279063,-0.31847776076422474,-0.3298154787422336,-0.276594676071642,-0.27172428498138557,-0.24690618220751304,0.7011934635263095,0.6685267735321776,0.7261649146107085,0.6090591736464201,0.725663270458915,0.6869187564087376,0.7242501713391114,0.704163432164524,0.7098199714247522,0.7211991559192088,0.6404367588178428,0.0003841742815813287,-0.008522969992197371,-0.008510931997264826,-0.006368931482608753,0.0069072515428758585,0.0009672420569850626,-0.016276360903911824,-0.01718868503544302,-3.599702174506003e-05,0.011794551628401262,0.009846500379588896,-0.006981681490655922,-0.009207931021438243,-0.023702763169586305,-0.010080624661253923,-0.01951936557141043,-0.007367437422844958,-0.01816072938814084,-0.020674583277742187,-0.005415091158398888,-0.025231905885574335,-0.020539827336186756
GROWTH,0.10379546520553395,1.4540433500492256,-0.44557853424286364,0.5030885065991719,-1.0033510407609496,-0.18292137848666568,0.010582837215711294,-0.28812337018244594,-0.5825276495322856,-0.37344179761488516,-0.22691299014915622,-0.3233540656490552,-0.23308123084323784,-0.4535901847716789,-0.49612117259657196,-0.30286751350388663,-0.28753380940460704,-0.17433019175277398,0.5240784369806084,0.47846715373642046,0.6604574062978763,0.36713701399103904,0.44392039651069526,0.41455150868934143,0.5364278313776227,0.5531523347157907,0.4304670914213582,0.43932451758319946,0.3731258910935087,0.008357295090251071,0.01929008423105283,0.003967085651928048,0.014115862532535495,1.624788515105866,0.012718087422126656,0.017814492031049678,0.01908931195633623,1.0225979394374962,0.40002713670096,0.020394580982162624,0.0070582975213329124,-0.0096531189613136,0.005770736269474774,0.00417735416184728,-1.7928949572481245,0.009921793659907197,-0.008264270300570864,-0.006285676490343506,-1.2649216304210824,-0.5580373966246599,-0.0014250517619712744
KM,-0.09175171267941096,0.003165950283926522,0.7882716855030447,1.3067285860800226,-0.28417193889549,0.06705820171129417,-0.018090546599605628,-0.7219403609502845,-0.7296981784685819,-0.6618800291568777,-0.49633963075814136,-0.33720670587246204,-0.3371957101342221,-0.5391388884295628,-0.6001283362742837,-0.2886741823690636,-0.31140718700321923,-0.13123082728714264,-0.5998517577681894,-0.5553497755475201,-0.47260636079069496,-0.5149160283416526,-0.5333274188326487,-0.5343665292311689,-0.5499926270847477,-0.5057105831968206,-0.5388461258653227,-0.544285759318382,-0.5165192063695412,-0.006447563663508071,-0.01445301340169125,-0.014063612000599912,-0.01656620037548351,-0.018249578941694766,-0.037026565320892324,-0.016747959136875212,-0.010717976704632814,-0.023955980658980636,-0.02009481167739635,-0.33362249236121577,0.0289753147361127,0.02932877563093017,0.014522782705399528,0.0097031108415091,0.004606942328176933,0.028210876294516574,0.01919762962459659,0.021995191479075027,0.013125557833659762,0.007739086490584635,0.3639153721794519
SINNOVPATUS,0.057353840922821364,0.004571040057280706,-1.0231799550248155,-0.711594183372059,0.01526523958271242,-0.002984543857239008,-0.007860590316361438,0.17771825278391495,-0.16123022237603313,0.03787763065904004,0.10652380245083637,0.011945842886762481,0.040517278853096084,0.05037119405592039,0.062088605383827655,0.00223875993492606,0.00562221523706774,0.02944522706209929,0.28577661243538,0.25554132477121905,0.3155664901625177,0.2518104260504239,0.31205181942751015,0.29335621404319556,0.3013646714836804,0.2926032898350561,0.30455084685593437,0.3108515609287277,0.2644313511091523,-0.00941408615306838,-0.01174318907673444,-0.010941565282286958,-0.011482930703721195,-0.014195615494139169,-0.2707635791484697,-0.015267643095586703,-0.01189284919443201,-0.024659545017225448,-0.021006056099520665,-0.3321253557553733,0.007724366967835072,0.013988665315725068,0.005481759456675839,0.005808802183678852,0.010215429352420369,0.31817746286409765,0.0040806257074754715,0.005761571925935183,0.02622491306284891,0.02064857962462141,0.3707552132288938
OUT,0.027626905295520254,-0.020202141139378238,-0.620914267380337,0.9071065185248095,-0.12810516077193745,-0.29789681693191516,-0.4667934128039414,-0.1579149931445395,-0.5116026484583946,-0.3104835987001775,-0.16078652800365079,-0.21442026650161428,-0.18601955057005015,-0.17208267572413893,-0.27044919070938533,-0.21587944996608044,-0.1726336150427804,-0.12429218624876115,0.009860388019600208,0.05185440765084204,0.1729260812601885,-0.06531399149976858,0.6110807769238102,0.4186780474231111,0.6419059470254596,0.5349025913596339,0.5893982858465607,0.5935001514086424,0.06572874077903412,0.002489855724973067,-0.09107331184926626,0.01245144348069771,0.004860952045594447,0.10418492518016631,0.20357878805141505,-0.019201323381897728,0.017353328295830472,0.07963763696337445,0.08500226090941476,0.5401829397176539,1.059028359282732,1.2222515792974953,0.9286110932258218,0.6928967241623407,0.7427209659216083,0.6252624996340927,0.9914163389758823,0.9447356084662251,0.8535313662597499,0.7549367203653945,-0.0013257705466013237
TO,0.02473081305396807,0.007409211221170997,-0.8174213559195281,-0.9936564805967563,2.7975767957321773,1.3800486330421846,-0.08743959725204531,1.615648271334127,1.0602522238787304,1.2606069973621337,1.2986566272106692,1.163644682031173,1.1335592467120148,1.3713271765172208,1.4152641613196726,1.1161423231927425,1.0942383164333103,1.0058962088409862,1.0960445248366313,1.1039123739939893,0.9467742801358681,1.2439614581440717,1.3980392232922334,1.3622304427368692,1.2161845454730458,1.139904697905545,1.394705415674391,1.4007491899613067,1.2922209782463168,0.0703661417745216,-0.2555987801399945,-0.08366931573425163,-0.07014751054808699,-0.08179404372251453,-0.05710220477279371,-0.10904476889193881,-0.11713090615533439,-0.08762211274800924,-0.07789474342386749,-0.06895298758273438,-0.20028211562580778,0.3523962025553373,0.059496285135882676,0.011723361541052801,0.03896320510303086,0.0010087242200984559,0.07041790484321853,0.09320216496786937,0.051119262455546766,0.037596901037041386,0.027176000859995275
UUPCOST,0.20152485002530196,-0.0007372829931817648,-0.04172701943743806,0.2414975783600104,-0.04055075512645834,-0.01661469788617531,-0.00016903614088070729,-0.2340630610007277,-0.5839229098714416,-0.30273118098528673,-0.19283077164783446,-0.45999685374206123,-0.3417048034620662,-0.5434577117221445,-0.5714240472261145,-0.45719149924766167,-0.4572009912032837,-0.3542448077100052,0.9377538969115851,0.9188461601529252,0.9906716748334499,0.8679814684418907,1.0370688777068016,0.9885827269098901,0.9771747529344266,0.9654500969786894,1.0248378972748873,1.028172842868793,0.8869778026386999,0.000962128121643202,0.0068985381601105455,0.001764489713194095,0.0025825199747253613,0.012606025910539831,0.002491182764825517,0.00039744417637210816,0.004832575030856434,-7.0275170310774016e-06,0.011934945347463755,0.012037547408825233,0.0007659290097705718,0.0010675899992940163,-0.0013405549433215258,-0.006723492341828563,-0.020175059863377087,-0.0003341500071657455,-7.75075789871682e-05,0.002151971683549414,0.000156755009466103,-0.018198480906330694,-0.013394571820875556
DOMPATINUS,0.007865414279827343,0.0038309865937935506,0.053895137696139406,-0.12735495176472267,-0.034810210920332985,-0.05483712551465236,-0.0007233486623697827,-0.02254442092451181,-0.01857427221825636,0.07498625469827713,0.07869089856914036,0.02117178590467672,0.027444536515037754,0.0516263258852967,0.08065852769820636,0.01715742381804497,0.023829784796400855,0.01727564838089113,0.040815043655269,-0.0003602045927314501,0.04568958173292614,-0.04921490321828925,0.013976803565208806,0.008098287917293057,0.012159209581149577,0.016873333294593618,0.015267384832967634,0.013383563250557451,-0.029984428894128112,1.1102230246251565e-15,-9.890033236814588e-11,-8.467115897303756e-12,-1.1998957383241304e-10,4.026556865710518e-11,2.1738166822160565e-12,-9.592715510819971e-11,-6.839806498959433e-11,2.220446049250313e-15,-3.3306690738754696e-15,1.9567680809018384e-11,0.0013482680249243817,0.0015372406857949716,0.000987425977516665,0.0008727815957632057,0.0008218227232781317,0.0003583101659998533,0.0012814776215608337,0.001191634922876883,0.0009720732418916356,0.0007958039530808758,0.0006610402929918546
TE,-0.17751354564682575,0.0033301200265689612,0.6991907359317373,-2.2506734195806612,0.2934547261453857,1.148093482850202,1.2466327009212697,1.1396556860063312,0.7946831550883604,1.0030273550022206,0.8902413613845239,1.082686681583861,0.9162086450005102,1.0738518586250823,1.489969460197914,1.0616638898378827,0.9289354627931878,0.9434269898776793,-0.5822433713509345,-0.7085041500474626,-0.9471165134070553,-0.5601831379196703,-1.52953076625573,-1.2975176469916399,-1.4808397614245765,-1.4090110424568907,-1.4937331845430724,-1.4613563363540782,-0.9180468320552543,0.7952671124189636,1.2464304815547966,0.648075987839023,0.5636709827576925,0.5317928466656641,0.2228334840446755,0.9663485353284074,0.7736896265603299,0.6407446177433807,0.5603482179194308,0.6078093335174117,-1.03727867713721,-1.4858532087435994,-0.8663838052014033,-0.8028262013217441,-0.7545712399464677,-0.3364323257422869,-1.2050854691448192,-1.0326947108864175,-0.8694062725546664,-0.7438461965006143,-0.8216231361061849
SRGDP_USA,-0.005964666608598845,0.0006981134118999588,-0.01948873413743446,0.02842670547751669,-0.017484696076179307,-0.003804108006149609,-0.0007104965281629072,-0.025201793308894938,-0.05136521910901026,-0.02692852775813548,0.010029153731323515,0.014795920988283084,0.013281410009648997,0.016816558301154805,0.014878348339363301,0.01667824727532574,0.016408035431589862,0.012778453569444181,-0.03487564847689695,-0.041004168676493924,-0.027170126000123362,-0.03726690242988606,-0.03485733580811834,-0.035777212153855764,-0.03676266512499471,-0.03389749423738542,-0.03575008448094219,-0.03528720983268396,-0.03649581656267664,5.551115123125783e-15,6.661338147750939e-15,-4.034383938034125e-11,4.884981308350689e-14,-3.6420622073762843e-09,-1.909168767522118e-08,-3.7224279214598255e-10,-2.482153371730078e-10,-8.943801255156814e-10,-1.2077705502377967e-09,2.7747804054456537e-11,0.001324306026979638,0.0015099196782919488,0.0009698767133747843,0.0008572710443832676,0.0008072119320035043,0.00035167028073712636,0.001258702719059146,0.0011704568301862395,0.0009547963908562718,0.0007816538327387601,0.0006492927947543414
SRGDP_EUR,0.003638581533154106,0.0008063281225456631,-0.017666572617809906,-0.022903699267792788,0.01340230017630506,-0.001276218143264618,-0.000322167144545249,0.01145842382422213,-0.03514969945407398,0.025780488705159366,0.0311957490636372,0.01998484202558215,0.02205842466934671,0.02726522188473246,0.031057794085380674,0.019786819181506488,0.019929682706969487,0.009021965034040624,0.01594091883514892,0.014402439515640575,0.03798128323115768,0.02130984660019375,0.024606969238468723,0.022851033563807688,0.020198293444969595,0.01993476485331991,0.023969740517466587,0.024885486084504915,0.01952431244088504,1.1102230246251565e-15,2.575717417130363e-13,-2.91494606230458e-11,6.772360450213455e-14,-2.6713831147162637e-09,-1.3165647461121921e-08,-2.7298385774088274e-10,-1.8206380847374248e-10,-6.529399243504486e-10,-8.913986215830505e-10,1.8639534360431753e-11,0.0006004024783579087,0.0006845474557726217,0.00043972256693280976,0.00038867209464998886,0.00036597555239992197,0.00015938173581364623,0.0005706618301037913,0.0005306560484874545,0.00043288573517763496,0.00035438786530894717,0.0002943816467981808
SRGDP_JAP,-8.736088987271184e-05,0.003741381941494426,-0.015050513489987538,-0.044304806673552966,-0.0037268888695507485,-0.014028453775764005,-0.00027874374906200483,-0.011489873057723421,-0.04610634616137199,0.019145745068607223,0.033575365519347145,0.02466286617966662,0.026184593276135093,0.035136817859020564,0.038928432844180794,0.02547732857835827,0.02578810482542493,0.012883625714759095,-0.008055882858941654,-0.014594911889748707,0.011717370864838816,-0.006826748995148457,-0.002767428470678568,-0.004337863191705704,-0.009383016065098726,-0.005603848899857766,-0.0032911335006263753,-0.0031625950540942194,-0.005821141972042199,2.220446049250313e-15,-1.0605855083056781e-09,0.0,-2.0311524684402116e-09,-1.3671386245306394e-09,-1.2066595500570543e-08,-1.498873247740562e-10,-1.0703715691562365e-10,-3.4199809650914403e-10,-4.0648151511391006e-10,-4.423067689884874e-08,0.000519468334075901,0.0005922699054816682,0.0003804495999548685,0.0003362771009363108,0.00031664459286928626,0.00013788840845241346,0.0004937369430191296,0.00045912418952909206,0.0003745340087257798,0.0003066197337397991,0.00025468397936823095
SRGDP_CHN,0.04531391618824987,0.003456199232689805,-0.12884542661380227,0.32459053014854855,-0.03382242460803986,-0.015032643860359851,-0.002890346206128047,-0.06731206817050861,-0.37401661599417935,-0.17408332057304743,-0.08907435387137785,-0.1471477437051799,-0.11187272637992351,-0.18521759464848742,-0.1953884591751981,-0.14255330590790483,-0.14299153410679388,-0.07599599757232733,0.20211605869883353,0.1744097048780635,0.2597324112976318,0.17106052780679892,0.2161327104998545,0.2007451115446357,0.21310746401966174,0.20968386070640666,0.20842059703892746,0.21457988710681053,0.1795737186005053,8.761728231609922e-05,-0.02900989602045878,-0.029275325886362058,0.2935986349194053,-0.02707877932732583,-0.023544780929076747,-0.03506695651866454,-0.03339020295612449,-0.026552322026336395,-0.027117891834658736,-0.02109642714661686,0.004168429838945498,0.005847654986276263,-0.017929424682194273,-0.12801409309463607,-0.016888941308164096,-0.015870229906685407,-0.02122037662291243,-0.020335318374154476,-0.015868147700876523,-0.017073012011935562,-0.008909865458269217
SRGDP_BRA,0.019062450702096445,0.0014908003446900686,-0.08152255590105462,0.05801103438277999,0.006530633113003281,0.00040493761710891363,-0.00021460578798426777,0.010608200483966934,-0.14439168454198792,-0.02416163056351006,0.023513812814917046,-0.011254222862575602,0.0021346335245508996,-0.008806561894881826,-0.005958425555167013,-0.011778210933677813,-0.011047554513791136,0.022049934035052177,0.09211128693415671,0.0801954218862555,0.1197564376213689,0.08713144290475539,0.10669009697133247,0.0999316107403403,0.09905115817211652,0.096393385213418,0.10330060639654692,0.1064877720813151,0.08594610209617826,0.0008719838506521249,-0.00042344069262012507,-0.0004124984276671073,-0.0005210073901762424,0.5449904533895455,-0.00027441823166829415,-0.00037559748942317395,-0.00041174023244938684,-0.00019076200810097532,-0.0001981979886900298,-0.00034659087563615465,-0.0005657505918582606,0.00013109390432752832,-2.6396494935410075e-05,-0.00013877517826887953,-0.6230703698288204,-0.00010990017659473494,8.727224818372292e-05,3.082387231789774e-05,0.00013125764596111367,7.414200092092926e-05,-7.013616902362685e-05
SRGDP_IND,-0.002908906454436311,0.0004692802711470101,-0.05178236854757767,0.09723283723184872,-0.0275602677570852,-0.0063920041645948444,-0.0007338543072427095,-0.03772005678288837,-0.15493181919879195,-0.0618116112164141,-0.02384421313805174,-0.02131833392974014,-0.017280743752522976,-0.029790059903605504,-0.035349168873903825,-0.016948264145361103,-0.01757082399451715,0.02369570200728255,-0.023138243005183523,-0.040533127117459156,-0.004079057895444715,-0.032618244482794934,-0.025203289594419864,-0.02758162540710707,-0.02727573451556553,-0.024841317896963644,-0.027976305061791495,-0.025776463297235708,-0.033236337832549534,1.4432899320127035e-14,-5.461063268263899e-09,-1.5410506204460717e-10,-1.0631031610586206e-08,-1.0892187707334244e-08,8.789258210128992e-10,-1.1357031981518162e-09,-7.790368350413246e-10,-2.7319219109145365e-09,-3.3770863883120228e-09,-2.4913019758265875e-07,0.0013678553175155983,0.0015595737187557024,0.0010017663148775835,0.0008854448805528659,0.000833744239338019,0.0003640079584676936,0.0013000941697738355,0.0012089457450248364,0.000986190504110862,0.0008073435478006541,0.000670552275723324
SRGDP_CAN,-0.002420416122998481,0.00026918761276695236,0.001559173677792014,0.010657848727797514,-0.0034524117778428343,-0.0016901430589433275,-0.0002872878682119717,-0.00840178425030702,-0.0282331528064933,-0.003408650676275382,0.017122427006400764,0.01657816540404533,0.01586610786135534,0.027012384642208787,0.022720679895525953,0.01714179549166861,0.017202639675995002,0.007439008564790184,-0.01480263362063472,-0.01734732586059773,-0.007273682621789512,-0.01371033814251077,-0.012227501717207434,-0.01268526112517987,-0.013974956450306664,-0.01272222032317305,-0.01263220837337431,-0.01224571475002545,-0.013056474118693373,1.1102230246251565e-15,-8.206707535762803e-10,-1.0619838342051935e-11,-1.6019835458180864e-09,-4.962646960038342e-10,-6.274512576176505e-09,8.881784197001252e-15,-4.260258812394113e-11,-1.2756795619850436e-10,-1.3035350576728888e-10,-3.329854891820361e-08,0.0005353929674523084,0.0006104264554473993,0.0003921120500749442,0.00034658642697138475,0.00032635275733494673,0.00014220272852027982,0.0005088727693336459,0.0004731989110051682,0.0003860157645829698,0.00031602094481053555,0.00026249574029524325
SRGDP_KOR,-0.0014239895078432818,0.00016393611373510808,-0.0007119715666747961,-0.037508914289074435,0.00836187984757597,0.0018467558346535462,-0.00026115188632824804,0.013761097748695716,-0.036782384686230296,0.03243752959409263,0.030759619944220606,0.027392965627780486,0.02635883036564035,0.0371202893510858,0.04843222540187653,0.027036899680156212,0.027369997079834674,0.010434822975124991,-0.0071558229394091954,-0.011026970642639689,0.006493709404536974,-0.0021418522772642667,-0.0016749223276268932,-0.0019973046341809075,-0.004576865795685725,-0.00368266676511686,-0.0019111263114923727,-0.0010246932351476445,-0.003034159179964302,1.1102230246251565e-15,-1.0643280701216895e-09,-1.4543366511077238e-11,-2.0832630065470426e-09,-6.875583435927979e-10,-8.385766525620397e-09,-7.931766354829506e-11,5.551115123125783e-15,-1.7578771771553647e-10,-1.831895746207124e-10,-4.332482539393112e-08,0.0004866807370684789,0.0005548869922678001,0.00035643642366967043,0.00031505219074356994,0.0002966600502829486,0.00012922693238937022,0.0004625735428109845,0.0004301456288868799,0.0003508948639141529,0.0002872682441668051,0.00023860864028057982
SRGDP_RUS,0.011146367387018241,0.0033238454407158446,-0.0774917897515115,0.013121539218727829,-0.007998791049296239,-0.016460612749816805,4.318556087068437e-05,-0.009118885932410947,-0.08082700615888783,-0.025945491927590325,0.028460632184043044,0.004532190444298534,0.013399623472091227,0.012406190088446456,0.013412987023756484,0.005521834716978313,0.005589055005327248,0.008889472625011052,0.05028797644549443,0.03816454544086967,0.06030216336757821,0.04061725954943696,0.054248521956393736,0.04959278863928773,0.04715553360997604,0.04956231724004723,0.052478880924867743,0.053342124755819675,0.04344315939611931,0.0006075237069202988,-0.0017179533854067008,-0.0017086755129452902,-0.0020749536656283762,-0.0008829565097617786,-0.0010805943119834849,-0.0015930041651712745,-0.0017589575229631782,0.5623812456797683,-0.0007746558910309842,-0.0013354602185244868,0.0004852555707735018,-0.001474332585423288,-0.0015154815766121876,-0.0016988053596017627,-0.0009879486722086384,-0.0010314360199009664,-0.0014719924170863985,-0.0015916172715624288,-0.6032675574573781,-0.0009211060456881803,-0.0011597630026044525
SRGDP_MEX,-0.0020095278762666258,0.00011314052309363554,0.013381040660345178,-0.022424535669124945,0.007656475838929699,0.010734734648004673,-1.06650834064137e-05,0.007959922305311729,-0.021452295219160367,0.017678526446097687,-0.00998303611921214,-0.006416370911323521,-0.00689260170508299,-0.00888391146297407,-0.010001206605286805,-0.0056125786076821615,-0.005888374901970583,-0.001164208338234607,-0.008189490991773463,-0.007567139050099758,-0.002928593264847068,-0.001905527261849005,-0.005340473816252689,-0.004639207511981103,-0.004865155671709975,-0.006679293460099545,-0.005260663748827832,-0.004606433500679574,-0.004436852705405614,-0.01095816145240014,-0.0015596642525789184,-0.0010825843915646116,-0.0018211258578398892,-0.0010562163169380856,-0.0011880024183247295,-0.0011324584680255656,-0.0009879217789415806,-0.001071310132840786,0.555860525619174,-0.0016548929222287567,0.016702308475294858,-0.001158453566827422,-0.0008217458579767856,-0.0013671428162809196,-0.0007864967636145304,-0.0009019510295860123,-0.0008409059358921445,-0.0007312399041420337,-0.0008030198763220309,-0.6127607420904574,-0.0012479099338497113
SRGDP_ROW,-0.004281942496537905,0.0013404773378022927,-0.02079211135065484,-0.0025721831672426143,-0.022044482390116138,-0.007460308577488806,-0.0003567593324832474,-0.027520350392625792,-0.046958416517685064,-0.02165093230417303,0.016351172854933704,0.016320786901551365,0.016107083971808045,0.02016637717245917,0.020308313144725698,0.01835249933577532,0.018229640433100602,0.01198324410802809,-0.02816696163442045,-0.03311535544898658,-0.02372038995685055,-0.02998077707848379,-0.0262445446012205,-0.027187838823632404,-0.030115893201298483,-0.0257703057909342,-0.026974083480082456,-0.026991185621181857,-0.0268178989052692,-2.657796276894775e-05,1.0564950890801228e-05,-1.686101995856948e-05,-0.00021710809520625318,-2.0325620435635017e-05,-1.5371112466189274e-05,-2.3287218784973085e-05,-2.069760583311986e-05,-2.0187521176939782e-05,-2.3322558604377264e-05,0.5511965882001679,0.0006999312946665004,0.0007473988425399369,0.00047414537198142703,0.0007843409416707914,0.0003898228418686145,0.0001648464560333185,0.000614286230395944,0.0005719447676189038,0.00046406050266623033,0.0003747778632379184,-0.5710705367854063
RD_USA,0.0006468891064137505,-0.0033102105062760012,-0.5539765660516494,0.65471574779288,-0.05011275582267272,-0.6610886992158715,-0.011812595428150607,-0.3534245272844583,-0.6158082856732106,-0.5503457340367335,-0.37947363413842083,-0.2959722691898209,-0.29845696697152146,-0.26749102907170363,-0.3746067364684891,-0.29731130742472134,-0.22962784019612603,-0.1953548694991869,0.3543791168346522,-0.5068145805919372,-0.39146166769015944,-0.5175237347060968,-0.49118876684151824,-0.5049703021083335,-0.4185777327355167,-0.4511500116034184,-0.5040752532226561,-0.4861216712361638,-0.5244627851646272,0.003317029286079576,0.0027274221167505885,2.4387978814210953e-06,0.004907976180099638,0.006283678531956438,-0.0015817485982311252,-0.011471961561942967,-0.002316299760413143,0.0016789716701426372,0.0002884937152636269,0.02516846185063315,0.02368159678825421,0.025219450414015743,0.021897715694118025,0.04428110130474394,0.05526005893349839,0.07971200987387461,0.018437113313914955,0.024710912168099952,0.027175279196289814,0.043856585948942595,0.023242168347481496
RD_EUR,-0.002163205578908367,-0.0022854488208157164,0.10357865247714981,0.1431160430975087,0.4959299922628424,-0.08382606693593919,-0.01126733609274344,-0.162036848467908,-0.47669466516384096,-0.14520418266452284,-0.1864660908489646,-0.1810866197356681,-0.1562177668667608,-0.21978061685156536,-0.2812549461604791,-0.1599925523344653,-0.17197499492941137,-0.08439648824590196,-0.11781219508898766,0.5315798600256727,-0.10567329947202109,-0.01903963717799273,0.02907507115661012,0.020090145688620442,-0.10343986665583393,-0.1052755913136022,0.02472943757570234,0.028688725688715833,-0.018243655195754327,0.0004344782079079845,-0.03979031651323517,-0.0014772140139235335,-0.00370465212870541,-0.0019870836832858174,5.827677963754496e-05,-0.01708271425673813,-0.009679006263605405,-0.004873755638429289,-2.743085885659191e-06,-0.0026920232634475294,0.021292381301676322,0.021774314499494185,-0.004671209446671654,0.008005437039714236,0.006771871152353448,0.007318454212466019,0.013023910037929243,0.009858520632970436,0.006526839032728882,0.002839798908482738,0.005473453959620178
RD_JAP,0.05464442345564202,-0.005305623572740004,0.13408614289585397,1.2285958094085725,0.011757842537082341,-0.5918903137035925,0.04604090378052539,-0.7983869929813026,-0.8304090247895018,-0.5705301710965655,-0.5408896334973584,-0.566272988327432,-0.4872261354119689,-0.6825307619962706,-0.6196040940955905,-0.5267830294517373,-0.4941845292827479,-0.3593699064273448,-0.2681866800679872,-0.2747802674580324,1.451350082702757,-0.31744917384545046,-0.3203634780978082,-0.33096747035050167,-0.29838491686650037,-0.24984461418949389,-0.3289288601947127,-0.3294150125730483,-0.3391650422630199,0.1217812889464609,0.1324047656893912,-0.02236007862569056,0.12818526528336704,0.11956951037312646,0.32871401552305723,0.04872072632492008,0.020155288181397113,-0.02760830478498011,0.11204176376662933,0.3905655862573576,-0.026668257985708044,-0.0970842875503991,0.04381103138453635,-0.09352131348776882,-0.06490790482684472,-0.3691678623405764,-0.0756240047609541,-0.02426685394463446,0.17283025851909883,-0.060151695678659634,-0.4696147730855832
RD_CHN,-0.00450772576959968,-3.4450446647071864e-05,-0.018256078400755715,0.04365608829512202,-0.01604431568230702,0.0011881622183462781,-0.0004114029106505601,-0.020942567513535515,-0.03977178874627452,-0.019709187301829578,0.009328333854523585,0.012299340877588438,0.011508112127126546,0.015059863777451277,0.015034286909433314,0.014054106582573889,0.013800221542309421,0.009868954215044301,-0.030544887549688315,-0.03036713722681994,-0.004743868131241169,-0.029027001001377117,-0.025766194804063836,-0.02702571558175937,-0.026313743773613285,-0.024947601187913504,-0.026553732866959612,-0.025936802926738167,-0.030014439547426663,2.220446049250313e-15,-5.6221138855505615e-11,-3.264610803910273e-12,-8.57053317204759e-11,-5.0173198928860074e-11,3.6193270602780103e-13,-4.4202974613938295e-11,-2.8290148001985926e-11,-1.1585177261963508e-12,-9.168221737354543e-12,4.236611061969597e-12,0.0007667319532134176,0.0008741896475150668,0.0005615373761391762,0.0004963428709592321,0.00046736396609570185,0.00020377173596375364,0.0007287517433252066,0.0006776625563820193,0.0005528067791060742,0.00045256786459724196,0.0003759309889173057
RD_BRA,-0.00450772576959968,-3.4450446647071864e-05,-0.018256078400755715,0.04365608829512202,-0.01604431568230702,0.0011881622183462781,-0.0004114029106505601,-0.020942567513535515,-0.03977178874627452,-0.019709187301829578,0.009328333854523585,0.012299340877588438,0.011508112127126546,0.015059863777451277,0.015034286909433314,0.014054106582573889,0.013800221542309421,0.009868954215044301,-0.030544887549688315,-0.03036713722681994,-0.004743868131241169,-0.029027001001377117,-0.025766194804063836,-0.02702571558175937,-0.026313743773613285,-0.024947601187913504,-0.026553732866959612,-0.025936802926738167,-0.030014439547426663,2.220446049250313e-15,-5.6221138855505615e-11,-3.264610803910273e-12,-8.57053317204759e-11,-5.0173198928860074e-11,3.6193270602780103e-13,-4.4202974613938295e-11,-2.8290148001985926e-11,-1.1585177261963508e-12,-9.168221737354543e-12,4.236611061969597e-12,0.0007667319532134176,0.0008741896475150668,0.0005615373761391762,0.0004963428709592321,0.00046736396609570185,0.00020377173596375364,0.0007287517433252066,0.0006776625563820193,0.0005528067791060742,0.00045256786459724196,0.0003759309889173057
RD_IND,-0.00450772576959968,-3.4450446647071864e-05,-0.018256078400755715,0.04365608829512202,-0.01604431568230702,0.0011881622183462781,-0.0004114029106505601,-0.020942567513535515,-0.03977178874627452,-0.019709187301829578,0.009328333854523585,0.012299340877588438,0.011508112127126546,0.015059863777451277,0.015034286909433314,0.014054106582573889,0.013800221542309421,0.009868954215044301,-0.030544887549688315,-0.03036713722681994,-0.004743868131241169,-0.029027001001377117,-0.025766194804063836,-0.02702571558175937,-0.026313743773613285,-0.024947601187913504,-0.026553732866959612,-0.025936802926738167,-0.030014439547426663,2.220446049250313e-15,-5.6221138855505615e-11,-3.264610803910273e-12,-8.57053317204759e-11,-5.0173198928860074e-11,3.6193270602780103e-13,-4.4202974613938295e-11,-2.8290148001985926e-11,-1.1585177261963508e-12,-9.168221737354543e-12,4.236611061969597e-12,0.0007667319532134176,0.0008741896475150668,0.0005615373761391762,0.0004963428709592321,0.00046736396609570185,0.00020377173596375364,0.0007287517433252066,0.0006776625563820193,0.0005528067791060742,0.00045256786459724196,0.0003759309889173057
RD_CAN,0.027870905797385825,0.0007950311079552019,-0.12453729053408025,-0.02518186637232467,0.15416713520617242,0.017261020656431647,0.007033502332406405,0.057956699244527954,-0.17961740576177054,0.008917555512755193,0.014526811163249054,0.010278395173960453,0.004979132840359224,-0.05907628224232686,-0.025112658270329824,-0.0076603835622196526,0.024939615128141135,0.03877351525772066,0.13641031818049765,0.12009915183953668,0.15731163058281372,0.15810384259900112,0.16587138024492742,0.1609264071840022,1.0320556531991532,0.12859787507749298,0.1630735620425683,0.16774762154421086,0.14163503339068018,9.103828801926284e-14,5.868194818958727e-10,-2.1466162181127402e-11,-5.93713966878795e-11,-6.356004611518529e-10,-1.9016754837508643e-09,-7.053613249041746e-10,-2.0090762387070527e-10,7.385647649016391e-11,-2.1273982575564787e-10,5.1071369355781826e-11,-0.013070735890652885,-0.014899711270087157,-0.00957626612087703,-0.00846545853356917,-0.007971621472758206,-0.0034773238158597453,-0.012424127202246837,-0.011554199345562566,-0.00942752390408308,-0.0077194572416505736,-0.0064131467388878205
RD_KOR,0.11325268552009327,-0.0030194211284040318,-0.2628359878645853,0.4878020679261508,0.0828828793829195,-0.16090849548341946,0.002488750526135064,-0.18070528486422044,-0.5922343200975644,-0.40951798596778055,-0.23917611580960174,-0.38060613061404514,-0.273487760483217,-0.4698942131410272,-0.5275453537674141,-0.36212380441473735,-0.34297335405017837,-0.243719006330273,0.3998820590691765,0.36550854730449944,0.4215920893096958,0.37097747550680626,0.4618785431919714,0.4270614466468825,0.41718673691419905,1.637403990614582,0.44797005756000763,0.45811607844292723,0.3742566205227371,0.0010250997226202152,0.0002800258973745251,9.830671238275634e-05,-2.4319553367790903e-05,-0.0006162163797285292,0.0009163927109379078,-0.0014774796813193936,-0.01922512167421897,-0.00022905051660249143,-0.0026128318465351574,0.1580369849929042,-0.004153484713014799,-0.005281994027938608,-0.002216848723129994,-0.0031950061661339957,-0.003975657965505364,-0.002130115944484201,-0.005034556365561826,-0.019564149869327196,-0.004089446921973772,-0.003877266717325356,-0.3170946286397436
RD_RUS,-0.00450772576959968,-3.4450446647071864e-05,-0.018256078400755715,0.04365608829512202,-0.01604431568230702,0.0011881622183462781,-0.0004114029106505601,-0.020942567513535515,-0.03977178874627452,-0.019709187301829578,0.009328333854523585,0.012299340877588438,0.011508112127126546,0.015059863777451277,0.015034286909433314,0.014054106582573889,0.013800221542309421,0.009868954215044301,-0.030544887549688315,-0.03036713722681994,-0.004743868131241169,-0.029027001001377117,-0.025766194804063836,-0.02702571558175937,-0.026313743773613285,-0.024947601187913504,-0.026553732866959612,-0.025936802926738167,-0.030014439547426663,2.220446049250313e-15,-5.6221138855505615e-11,-3.264610803910273e-12,-8.57053317204759e-11,-5.0173198928860074e-11,3.6193270602780103e-13,-4.4202974613938295e-11,-2.8290148001985926e-11,-1.1585177261963508e-12,-9.168221737354543e-12,4.236611061969597e-12,0.0007667319532134176,0.0008741896475150668,0.0005615373761391762,0.0004963428709592321,0.00046736396609570185,0.00020377173596375364,0.0007287517433252066,0.0006776625563820193,0.0005528067791060742,0.00045256786459724196,0.0003759309889173057
RD_MEX,-0.00450772576959968,-3.4450446647071864e-05,-0.018256078400755715,0.04365608829512202,-0.01604431568230702,0.0011881622183462781,-0.0004114029106505601,-0.020942567513535515,-0.03977178874627452,-0.019709187301829578,0.009328333854523585,0.012299340877588438,0.011508112127126546,0.015059863777451277,0.015034286909433314,0.014054106582573889,0.013800221542309421,0.009868954215044301,-0.030544887549688315,-0.03036713722681994,-0.004743868131241169,-0.029027001001377117,-0.025766194804063836,-0.02702571558175937,-0.026313743773613285,-0.024947601187913504,-0.026553732866959612,-0.025936802926738167,-0.030014439547426663,2.220446049250313e-15,-5.6221138855505615e-11,-3.264610803910273e-12,-8.57053317204759e-11,-5.0173198928860074e-11,3.6193270602780103e-13,-4.4202974613938295e-11,-2.8290148001985926e-11,-1.1585177261963508e-12,-9.168221737354543e-12,4.236611061969597e-12,0.0007667319532134176,0.0008741896475150668,0.0005615373761391762,0.0004963428709592321,0.00046736396609570185,0.00020377173596375364,0.0007287517433252066,0.0006776625563820193,0.0005528067791060742,0.00045256786459724196,0.0003759309889173057
RD_ROW,-0.00450772576959968,-3.4450446647071864e-05,-0.018256078400755715,0.04365608829512202,-0.01604431568230702,0.0011881622183462781,-0.0004114029106505601,-0.020942567513535515,-0.03977178874627452,-0.019709187301829578,0.009328333854523585,0.012299340877588438,0.011508112127126546,0.015059863777451277,0.015034286909433314,0.014054106582573889,0.013800221542309421,0.009868954215044301,-0.030544887549688315,-0.03036713722681994,-0.004743868131241169,-0.029027001001377117,-0.025766194804063836,-0.02702571558175937,-0.026313743773613285,-0.024947601187913504,-0.026553732866959612,-0.025936802926738167,-0.030014439547426663,2.220446049250313e-15,-5.6221138855505615e-11,-3.264610803910273e-12,-8.57053317204759e-11,-5.0173198928860074e-11,3.6193270602780103e-13,-4.4202974613938295e-11,-2.8290148001985926e-11,-1.1585177261963508e-12,-9.168221737354543e-12,4.236611061969597e-12,0.0007667319532134176,0.0008741896475150668,0.0005615373761391762,0.0004963428709592321,0.00046736396609570185,0.00020377173596375364,0.0007287517433252066,0.0006776625563820193,0.0005528067791060742,0.00045256786459724196,0.0003759309889173057
RP_USA,0.012913031214801807,0.0024662231492744713,-0.04349122822139895,0.0491949208261,-5.9439326083321475e-06,-0.006500322376121748,0.0024623129944878475,-0.012433852766830511,-0.11276802186616197,-0.023607568120179723,0.0326813773676593,0.0024025818498119023,0.012666691331680857,0.013756151810067063,0.021735360394115055,0.0027983171131251705,0.0028499220929223412,0.024081043961888815,0.055719626691850266,0.04876106002825065,0.08531565311985956,0.055758270971580925,0.06870184932349033,0.06413221406254555,0.05868551371418951,0.06148836183569428,0.06641077953472241,0.06812849900123763,0.05520235175596966,-1.9788438110346362e-08,1.3089529460330596e-12,1.1102230246251565e-15,4.4009240696141205e-12,1.0187406473960436e-11,5.879119413521039e-10,6.328271240363392e-14,3.108624468950438e-14,6.694644838489694e-13,1.035838081975271e-12,3.5631353423326573e-09,-0.004583932572796989,-0.005225970778111599,-0.0033576454398048794,-0.002967958011223515,-0.002794730458105521,-0.0012184014379523767,-0.004356974495758892,-0.004051673090790797,-0.003305461477732252,-0.0027062809202171856,-0.0022481238443111673
RP_EUR,0.004697576030568973,0.0011183433195327552,-0.030484846341713445,-0.0349989483527724,0.010487340535798584,-0.0008440571575069056,-0.00018483089165632904,0.01654283571949522,-0.04609339452228023,0.02414423244095687,0.03346045977154932,0.020745192502684695,0.023497908134118006,0.029741045160739388,0.03268102929987693,0.020426849944507053,0.02073871580642206,0.011555690806858143,0.023694075613205356,0.017981764275425416,0.0374632744896386,0.02511862061210346,0.030165795072695234,0.028450987118381343,0.02604204510823327,0.025413898782774558,0.029328320717915135,0.030550830745545987,0.0252422039146194,5.551115123125783e-15,-7.263885604125164e-09,-4.301559108910169e-12,-8.055889288982598e-11,-1.6435186545038505e-11,7.316369732279782e-13,-5.017375404037239e-11,-3.298694650766265e-11,-5.551115123125783e-16,4.022338018216942e-12,7.402967128200544e-12,0.00034443933502603663,0.00039271023276388206,0.000252262453132035,0.0002229755867033667,0.0002099575941350018,9.154363183383474e-05,0.00032737814436911705,0.0003044281245700997,0.0002483405605391287,0.00020331083158797725,0.00016888328134068153
RP_JAP,0.03263055959920269,0.002884492396471039,-0.13645048082384093,0.11580926580700868,-0.0042394811468449145,-0.013018681421126388,-0.0012807209797832675,0.0007089790947922836,-0.18323208970453975,-0.0696944314922493,0.018380634572209287,-0.035543374393759986,-0.012923164102937035,-0.0319149477770142,-0.030091785595725007,-0.03579988429017689,-0.034130115489628965,0.013317229300497946,0.15675467882078742,0.13766177727144502,0.1808236705311883,0.1369561276562936,0.17091432376663995,0.16015050365233874,0.1617775245077291,0.15908525014738384,0.16613360818466982,0.17000433358390077,0.13950380488655711,4.6629367034256575e-14,-3.2438995933858905e-10,-2.7085295117856845e-09,-1.1583978221096913e-09,-4.662153996193297e-10,7.928102618848243e-12,-6.314115896799422e-10,-4.276001774883298e-10,-1.1102230246251565e-14,-3.681943638866869e-11,8.892886427247504e-11,0.0023876827719815363,0.0027223789962504963,0.0017485316365362102,0.0015455735067559928,0.001455327283405028,0.0006344947012959512,0.0022693901005044204,0.0021102713925835737,0.0017214197784964913,0.0014092496341511218,0.0011705914010662344
RP_CHN,-0.004349109151344233,1.7757946090268817e-05,0.020353390615095446,-0.012747870314761545,0.000479446329615385,0.006770774177208283,-0.0003413359545595407,-0.0013550730419187307,-0.035452203849281605,0.02764619444837857,0.01216357752861219,0.017060914486917156,0.015791304812967644,0.0208204483869201,0.020759699783367003,0.01826821502858622,0.018159175164759178,0.00934470335297255,-0.02678348637121908,-0.024870029932833604,0.003728023037528061,-0.017689276294418077,-0.01770275281037792,-0.017823004530408415,-0.019619897950843845,-0.020624239627223817,-0.017878778010939067,-0.017201950718367942,-0.020568013291162313,3.3306690738754696e-15,-4.4243497754337113e-11,-2.9820590441431705e-12,-1.0002205730330616e-08,-2.931543896522726e-11,4.2077452633293433e-13,-3.777700374740789e-11,-2.4198421044729912e-11,3.163025397157071e-12,-2.9737323714584818e-12,4.403144515663371e-12,0.0006361308855507009,0.0007252834769733152,0.0004658896884035535,0.00041178555034049324,0.00038775765566656517,0.0001690640252005604,0.0006046204146081813,0.0005622339510924501,0.0004586462667388602,0.00037548188564162643,0.0003118989678341233
RP_BRA,-6.0879795161783434e-05,0.0009459657547572498,-0.006381773056414741,-0.004040053034438662,0.013644144993978369,0.004711119297790001,-5.903001193463542e-05,0.009548659935758597,-0.009023653988979863,0.014427330177062547,0.01654140880674171,0.014143426354988886,0.01326925382025057,0.02024526853092512,0.022184535892759705,0.01343817889825627,0.013555274297033515,0.002330807072130625,-0.0002955864803622088,0.0007389470943675036,0.012971510875610104,0.00469217242212383,0.0039190298177094185,0.003644968339455712,0.0033264743957239773,0.0024434280810203823,0.0037590033828738267,0.004336196463419206,0.00339803296768193,1.1102230246251565e-15,-1.1272094369019214e-11,-6.616929226765933e-13,-1.503686064552312e-11,-3.311001472994235e-09,8.659739592076221e-14,-8.180678356950466e-12,-5.275224701506431e-12,7.827072323607354e-13,-3.1030733538273125e-13,9.758860386455126e-13,0.00010999930624144838,0.0001254145850992927,8.056244793275269e-05,7.120954409023383e-05,6.704699151538485e-05,2.923556967293628e-05,0.00010455080968529984,9.722169331594088e-05,7.930995593041779e-05,6.492946498237728e-05,5.3934796884202996e-05
RP_IND,4.787293152119787e-05,-9.62975435980784e-05,0.0005876573840490895,0.01421282362635612,0.008455232135129442,0.013081533587842031,4.4488147499244235e-07,-0.00010593218451482311,-8.536539936321308e-05,0.004173678614359799,0.00029478632905366453,0.0002239420239846801,0.00016406516500699908,0.0004317462668057548,0.0004976795163780245,0.00016950506442681146,0.00016831130937533523,1.841814778247297e-05,0.0014272662099412692,0.004723716202392758,0.01975247111096201,0.009844426366973913,0.007458250953059631,0.006894992441971448,0.006625783638862792,0.0036916997558167353,0.007411809746774578,0.00799393072561494,0.020225384584063866,0.0,-1.0658141036401503e-13,-5.551115123125783e-15,-1.3100631690576847e-13,-7.549516567451064e-14,-2.050359881877739e-10,-6.605826996519681e-14,-4.163336342344337e-14,-1.1102230246251565e-15,-8.326672684688674e-15,6.661338147750939e-15,-8.289940589545353e-07,-9.451676397098652e-07,-6.071494834669622e-07,-5.366630145831053e-07,-5.05331376188245e-07,-2.232422452452809e-07,-7.87932712964512e-07,-7.326984241551315e-07,-5.977099931664398e-07,-4.893339206057945e-07,-4.0647418320105544e-07
RP_CAN,0.001895767056564468,0.0013098271310185705,0.004792452252553314,-0.017817125774905462,0.019938224740824184,0.005582697292991767,-7.584274830163551e-05,0.011651268432952833,-0.01706653684272419,0.033120497096000845,0.02852144421978675,0.02169162300619587,0.021490195493374387,0.022376558423233828,0.03366268636410985,0.020563985982962052,0.020681714665913287,0.004468814358153939,0.006433807523688051,0.01028093570078159,0.035818195637339345,0.016910909340630553,0.01738635670261446,0.016687670455869386,0.014433495831212007,0.013554502555972459,0.017283916185129033,0.017950832736903788,0.014544502844152651,1.1102230246251565e-15,-2.1161405960867796e-11,-1.4943601911454607e-12,-3.029576589597127e-11,-1.3585244040825728e-11,1.6431300764452317e-13,-5.297462468689673e-10,-1.0646483694642939e-11,7.482903185973555e-13,-6.59472476627343e-13,1.9473311851925246e-12,0.0001413298695662757,0.000161135877460028,0.00010350854985685665,9.149169235556087e-05,8.615018095792237e-05,3.756253861286751e-05,0.00013432933131496405,0.00012491282268434212,0.00010189933247195526,8.342289819829318e-05,6.929667037081089e-05
RP_KOR,-0.0024653788414930045,0.00197360547790959,-0.02491272220877694,-0.007256032397029433,-0.01417097336939288,-0.008348969820248797,-0.000618904232181916,-0.02027167760603077,-0.0645453987860023,-0.013263486406309699,0.021301529380944872,0.017652722632496287,0.018766204569072853,0.023551801494359204,0.015763679519552598,0.01957779773524848,0.019281623557136918,0.0169519502531712,-0.01798876360025292,-0.025988313608126257,-0.010960981811944936,-0.019946295950342696,-0.015016013957512286,-0.01660432221081587,-0.020024917197151715,-0.01645034142347901,-0.016078503518871523,-0.015643484221845583,-0.01829041212592697,7.771561172376096e-15,-8.501033210706055e-11,-6.477596237175476e-12,-1.4326928532426564e-10,-6.527833829039764e-11,8.271161533457416e-13,-7.763734100052488e-11,-1.7427881360276842e-09,-8.493206138382448e-14,-7.725486916854152e-12,8.979483823168266e-12,0.0011535448290955763,0.0013152215829681513,0.0008448217066847619,0.0007467354452672659,0.0007031364142850993,0.0003065651233824518,0.0010964016677961208,0.0010195341292928983,0.000831686382593011,0.0006808755938703115,0.0005655753606159664
RP_RUS,0.058640347818920135,0.0035544879490612136,-0.1804441799621226,0.4129594976510187,-0.040781558737050805,-0.012339637613265064,-0.002376778256329981,-0.08107232885206705,-0.3940845241386459,-0.2382848444029817,-0.10253026936468901,-0.17465209358277,-0.13054818091869091,-0.21823380456090335,-0.23120899475631618,-0.16960182024459092,-0.16986597853167806,-0.0955596325517799,0.2659038042121298,0.24038831682218986,0.3204947687641768,0.2261284258810614,0.2834695837883672,0.2640577257027654,0.280346059594192,0.2758429532763129,0.27428837523924554,0.28087425432948954,0.23815908314547496,0.00030516331072538705,-0.026177077930120696,-0.020447255648585183,-0.028449765079835987,-0.014187426199996911,0.050041883386861,-0.022703335371518918,-0.02179778935351817,-0.2495083823235189,-0.0005892312327909766,-0.27287760819581064,0.004538812065837394,-0.013154286544146965,-0.012232242274607397,-0.019089356743706154,-0.010924260474717284,-0.12621905626296614,-0.01289373534401228,-0.012834190770901754,-0.18700807880650983,-0.03149389860577334,0.29124586323756807
RP_MEX,0.0062908244407311464,0.003364226988161745,-0.07151432881461361,0.06276221682242955,-0.02439589414378107,-0.014696245002343011,-0.0011978874484552815,-0.04241472998292417,-0.13797049268601203,-0.047622792872845654,0.002506339942034419,-0.013220932094307192,-0.00547330648970501,-0.012340963581022324,-0.014902082887394141,-0.010691144584902279,-0.01136125842278235,0.024628476029761037,0.015177731842239695,0.004644594560452298,0.05597359974891414,0.0082812081045891,0.024711335958530478,0.019780061013680017,0.01770216674640057,0.021387336103834143,0.022118930324627195,0.023793202204575037,0.00903178843771113,2.3314683517128287e-14,-1.9325818723103794e-10,-2.087607864353913e-11,-5.0024595577014e-10,-2.8326285761437475e-10,2.9098945475425353e-12,-2.7497837340462183e-10,-1.7614854019853965e-10,-4.827804822582493e-12,-3.312625784790413e-08,3.020250716190276e-11,0.002233182482240803,0.0025462159371458792,0.0016354685261676938,0.0014455724792361568,0.001361165532852704,0.00059344243115933,0.00212254591545058,0.001973725370484347,0.0016100384370210108,0.0013178633509314253,0.0010948542963418184
RP_ROW,-0.002571464759592579,0.0020322501722291886,-0.01114694950974826,-0.018906119655524023,-0.01442579383475584,-0.015262622160527872,-0.0002667980417664362,-0.021443622865619516,-0.032143622064204624,-0.0009016529674216178,0.01720674497794894,0.016030866325377202,0.015482265728935518,0.021715255277666712,0.023407705624338693,0.016710379804608655,0.016901894665872774,0.008280914939579054,-0.020078706058853646,-0.026573072434479816,-0.009764630413141573,-0.02342610330545336,-0.019125479269689327,-0.019852433079798337,-0.024268215421983097,-0.02007215363612591,-0.019413487119523953,-0.019604201518809705,-0.02146740069080111,3.3306690738754696e-15,-4.479638882060044e-11,-2.9082292130055976e-12,-6.791511797388239e-11,-3.697653294665315e-11,3.042011087472929e-13,-3.541500426251787e-11,-2.3032686868873498e-11,4.0745185003743245e-13,-6.054046153280979e-12,-2.514537461584254e-07,0.0004972039555317664,0.0005668850856910268,0.00036414368744575043,0.00032186733464611983,0.0003030754767563426,0.00013214285419005378,0.00047257549399493115,0.00043944634568360286,0.00035848223626344655,0.00029348068224854806,0.00024369226946929778
SPFLOW_destination_USA,0.016681447050405085,0.005262826448152458,0.09708943992325247,-0.6075749848036166,0.06610889182237845,-0.06702926088093974,-0.001894161773108305,0.09159048520755997,0.29002894473433627,0.4045657527616542,0.5698320175673655,0.49865721864847723,0.46591200279790024,0.7143093915525867,0.7736917874161253,0.46032577767988747,0.47421784597659555,0.36936537451998985,0.057683362258337256,0.09685240108389448,0.1668159622630505,0.09544419490812639,0.06946799215068578,0.07355195337480969,0.09186265685582895,0.11634726534940021,0.07452236877773522,0.06528318233870345,0.08871275671437417,0.0008936165423278908,-0.020835858605045,-0.01923911682406687,-0.014908031741600603,-0.013107254295333104,-0.0062560301356684445,-0.0300658759317618,-0.03564612327550842,-0.03763748173456094,-0.057344494099616505,-0.053731638939040205,0.003951431913928882,0.0013476251718136378,-0.017777598335474987,-0.0005037827655635096,0.01582016255448293,0.010143583590740413,-0.0159479993964462,-0.022532956246015257,0.0582277719647728,0.08905028201832033,0.0849751300080337
SPFLOW_destination_EUR,0.09765225443312708,0.006326702704902987,-0.40700752028878406,0.28264649898295136,-0.035030217012883,0.010277474639905915,0.0025321604430683653,0.04224499020674122,-0.92312850787651,-0.2107319325848067,0.006464947486891637,-0.17170121164260088,-0.10586276957963492,-0.17812968575424692,-0.185577187903605,-0.17705758983071251,-0.17397875862582401,-0.09217901919939209,0.48654220578258967,0.3572491189177751,0.5166422748138866,0.42411027295098935,0.5206805390334934,0.4919884434534283,0.4919535506304695,0.47810843203422215,0.5010862548337713,0.5219705832762733,0.43960846211061333,-1.6587643481003056e-08,1.7655314987763404e-08,-1.168836138987217e-09,-2.2448452541290465e-08,-1.0780049075620468e-08,8.624212455288216e-11,-1.0207598100109294e-08,-8.049033106694026e-09,3.9968028886505635e-14,-7.330697160412569e-10,1.8578094618248997e-09,-0.004713834516770765,-0.0053740589987399945,-0.0034528430942781796,-0.003052113948172619,-0.00287396131751827,-0.0012532322089187087,-0.004480452113572175,-0.004166506816065674,-0.0033991468622646126,-0.002782992966796627,-0.002311849124354559
SPFLOW_destination_JAP,0.15537748309106925,0.0010125064568000663,-0.6191957312970492,0.8570748048851318,-0.023865265591676565,-0.003137192102447006,0.00046624645966941713,-0.0821974219388033,-0.21210222996884076,-0.6248822089726402,0.1457296246649331,-0.10423812521771103,-0.024501206715433765,-0.0632254500204793,-0.05766896784670239,-0.1250111049157454,-0.12128067569561918,-0.08816002013252389,0.7531513968683479,0.7598052350903528,0.6997487939762015,0.6805988594879098,0.8114446995767821,0.762657665394264,0.7887324872573054,0.7853309036600842,0.7968205214014934,0.8066582345629525,0.6912039911848766,-2.783040464748865e-10,-1.2398431725735293e-08,-4.578226686646758e-11,-3.3512153052583926e-08,-8.282680652449415e-09,1.1015632850330803e-10,-1.2017345452086658e-08,-9.679554935360102e-09,8.881784197001252e-14,1.2907475088752562e-09,2.123642373064172e-09,-0.0008686494545501189,-0.000990368166008948,-0.0006362086118733012,-0.0005624012771665576,-0.0005295346011768842,-0.00023082276332131446,-0.0008256308546072955,-0.0007677641897241294,-0.0006263168672171471,-0.0005127510409236313,-0.00042593610113716984
SPFLOW_destination_CHN,0.0806346802253266,0.0019509866783429253,-0.3000115253508917,0.1971913355483701,-0.008346988483513562,0.0039945314294353995,0.002881574658474273,0.041268034065919945,-0.32366446346760946,-0.13787720865024777,-0.7246141694780384,-0.13506319485667329,-0.08393519945507744,-0.15622650168590435,-0.1541307508773282,-0.13882891786285434,-0.13888121307382262,-0.1112123938330345,0.40120759261514705,0.36529930802350896,0.43144504241702686,0.30711462979043813,0.3824443816767542,0.3602197891973269,0.4012602705477353,0.36683310913359746,0.37269397521299874,0.3846133715839617,0.3327616831591651,2.8379036406400715e-05,-0.0012098501479362866,-0.012138731201183917,0.0011787026657983368,-0.011628825004576515,-0.013065316979243846,-0.01644533051199104,-0.017820176935549603,-2.4560364777492794e-05,-0.06217530734212551,-0.0773122677120136,-0.005350504172074166,-0.003926469964346535,-0.009930034257077947,0.01060280579628925,0.013107982254362271,0.01753508256626457,-0.015005019461145075,-0.01645775005351402,-0.003926715111144952,0.09592537272250845,0.11059200870858987
SPFLOW_destination_BRA,0.011125231792655788,0.0015548212197347144,-0.11563492825168498,-0.18079422563493375,0.04221005371933262,0.0028608220102899207,0.0002010487084169732,0.1025682007866302,-0.06666590283876728,0.11534176269417884,0.15151133689246699,-0.4093615044458998,0.10919257060026943,0.15891249953893016,0.1754396979983941,0.09842889107755104,0.10178000005401477,0.11055833083346456,0.0697820787769432,0.051293791253570475,0.08299137549521274,0.07148020931732502,0.08176923173254913,0.08445866394587664,0.07328817777096597,0.06959871081072988,0.08604993350058265,0.09214752521263359,0.06326415141182928,4.3298697960381105e-14,-3.51333961923217e-10,-8.030021092508832e-11,-1.911333868953591e-09,3.0768609882159126e-10,1.2254641745812478e-11,-9.203199313745358e-10,-6.791905926561981e-10,4.998224056862455e-12,-5.5157545197914715e-11,1.4544587756404326e-10,-0.00037460599735861244,-0.0004271003022604525,-0.0002743638133667625,-0.00024251331670055443,-0.00022835202961923873,-9.955898603863922e-05,-0.00035605210787215125,-0.00033109396691710646,-0.00027009611722750293,-0.00022112399532703275,-0.00018368107941313383
SPFLOW_destination_IND,0.021402700086942117,0.0008443160907645186,-0.166239193595642,-0.09246351327997893,0.04738827069957652,0.006684433185533134,0.00026353354017571995,0.0967247158057416,-0.04924081525977009,0.05677212958273281,0.167524169233072,0.11056133868262208,-0.3372338887852244,0.17322220874242622,0.19282835469002557,0.10182681268384175,0.10563290375137036,0.1021143958181836,0.12445193470119853,0.11015399772423495,0.13060069396013452,0.1250241745721814,0.1499308891076634,0.13456935038006823,0.13104861945008484,0.12674107482334218,0.14881351011347133,0.15230038520199218,0.11459539341451941,3.6637359812630166e-14,-3.238631585134044e-10,-7.146949698721983e-11,-1.6830631333064616e-09,-2.392613884794059e-10,2.6583180101624748e-11,-8.368600257213643e-10,-6.341133174103675e-10,6.701306176637445e-12,-5.185407658814256e-11,1.4556800209675202e-10,-0.0004910196263963051,-0.0005598262971601153,-0.00035962604944761445,-0.00031787755849610466,-0.0002993177318461049,-0.00013049357143135598,-0.0004667000388836051,-0.00043398601970667805,-0.0003540331087403814,-0.00028984239146045976,-0.00024076378183690572
SPFLOW_destination_CAN,0.01725520381894552,0.0014440663054615666,-0.14217352953965146,-0.1023177153568755,0.037254515576422564,0.009429886534353393,0.0005111044174821444,0.0893919824386491,-0.07742251502024067,0.06085684339629638,0.14127100777805213,0.08599677149217944,0.0965783998099734,-0.591773541764426,0.1535523332643729,0.08019506825384659,0.08290865341619047,0.09166895361049865,0.09760150282466795,0.08354934507850742,0.10859508698826015,0.09915675710622573,0.12744465504436087,0.11994614322149544,0.08775287715239277,0.10218622441012792,0.1254160133277249,0.12607539434204673,0.0994039489463483,8.104628079763643e-13,-6.856853973502552e-10,-7.892131392850388e-11,-2.510894270280062e-09,-4.973882417047548e-10,8.416600749683312e-12,-7.066014440226809e-11,-6.520683992761178e-10,5.0037751719855805e-12,-4.666655950558152e-11,1.0054956867122655e-10,-0.0009522063125444458,-0.0010856321423224902,-0.0006974091472361499,-0.0006164507270051134,-0.0005804603330034075,-0.00025309165491427255,-0.0009050463386062191,-0.0008416082626883092,-0.0006865650285442504,-0.0005620850897719576,-0.00046691049295832787
SPFLOW_destination_KOR,0.01996522019819147,0.00154030698879426,-0.16041264446696235,-0.0671910917745594,0.04857316141612111,0.0174770982293615,0.0009071515131475749,0.09916951289739351,-0.07426293012712859,0.056022027324836854,0.16290493748333135,0.09421838032425689,0.10233870991396055,0.14519915655670457,-0.6400810205564672,0.08730005658920015,0.08970387615194308,0.09466351143702312,0.11737203504402993,0.10156113332637995,0.13509261826229135,0.11845208279340991,0.13424245136643198,0.1280501669227152,0.12595999108792943,0.08161224594899874,0.13280532674794232,0.13867980657026546,0.1068091995518794,3.885780586188048e-14,-7.431194548601638e-10,-7.873535157187916e-11,-2.79487322174532e-09,-6.24978957475264e-10,6.5281113847959205e-12,-8.578282528759473e-10,-4.416467191958873e-12,3.290701044988964e-12,-6.697919996412338e-11,8.70914451667204e-11,-0.0016897980925478784,-0.0019265574384585982,-0.0012376542721181938,-0.0010939876712162677,-0.001030121896343772,-0.00044916876756562196,-0.001606113453427871,-0.001493541017442146,-0.001218412592552398,-0.0009975137936046874,-0.0008286168118276649
SPFLOW_destination_RUS,0.010334507767785217,0.00433666864893878,-0.10749055422065279,-0.18851416881861371,0.05617540319573955,0.0037418384776255476,8.6169799751179e-05,0.10005787334870786,-0.0651857196899025,0.13145301460726455,0.1494548380094063,0.10534593784565227,0.10884149010295219,0.159651259603234,0.17520339922761807,-0.35550422037615437,0.10199536900430184,0.11143865278493759,0.06205714969550247,0.04728997248003686,0.09496117937220161,0.07869814877072945,0.08832352149512834,0.08450888004745583,0.06940006089162676,0.06526230690163004,0.08168095781529883,0.09243994508676856,0.06753544303281123,4.773959005888173e-14,-3.376815493894014e-10,-8.193612455187349e-11,-1.9174600796034724e-09,-3.745964649581879e-10,1.241229341530925e-11,-9.34964328180854e-10,-6.873629443404639e-10,2.4424906541753444e-14,-5.868361352412421e-11,1.4633294576071876e-10,-0.0001605638586027469,-0.00018306455096428476,-0.00011759869160965497,-0.00010394706282279564,-9.787634706492909e-05,-4.266832649424401e-05,-0.00015261127556842613,-0.0001419137260005865,-0.00011576807972202285,-9.477768474264181e-05,-7.872860994295738e-05
SPFLOW_destination_MEX,0.010192350250715076,0.00290105413776387,-0.10967607430007409,-0.192873245032813,0.0446812170118549,0.00020259745314943345,-1.8288766571727955e-05,0.09536855952446244,-0.06591452276731469,0.11904870082939056,0.14800181778178323,0.10303050416292092,0.1073533660567405,0.158781528998877,0.1739918087868153,0.09773394844650451,-0.36606861860464524,0.11057142993488811,0.06399336074486617,0.04643466232129079,0.07930525354683748,0.0735355244723912,0.09576146345188885,0.08834124705286106,0.0669495480299287,0.06467825739469246,0.08767563354977526,0.08455719892801361,0.06558059306008168,4.551914400963142e-14,-3.5943525933390674e-10,-8.155309760837781e-11,-1.8724910511025428e-09,-3.00471869607577e-10,1.3222756223285614e-11,-9.302203451966307e-10,-6.832739929407694e-10,6.106226635438361e-12,9.442224779832031e-11,1.4936607506399469e-10,3.407961315038399e-05,3.8855479073118815e-05,2.495728038898193e-05,2.2059171792543353e-05,2.0773457795053574e-05,9.065136037378352e-06,3.239131831644926e-05,3.0120279098655445e-05,2.4571603172152123e-05,2.0116899192013094e-05,1.6710016244037007e-05
SPFLOW_destination_ROW,0.048879727276791574,0.004406607286239206,-0.15193229430980115,0.3594254411591813,-0.04000043614412918,-0.008361341753429508,-0.0020307530657504014,-0.07378308888459972,-0.3663247256910934,-0.20529818067770045,-0.07406635923016547,-0.14562882447094083,-0.10747818931004516,-0.179982029009641,-0.1917335347750193,-0.14072896332468388,-0.1406058268795668,-0.4476735009456939,0.2198060368794652,0.19676731435074535,0.27311402832153164,0.18775453591878044,0.24035475366567138,0.22264565011529625,0.23416582108470751,0.23057065902804874,0.2310623958942304,0.23667501156074078,0.1968954191401029,0.00019430819583776682,0.0014235861641376246,-0.005250765320653494,-0.002841533009969033,0.00571370089744172,0.061866951556457384,-0.009786995051651592,-0.008687804474932226,-0.00030068250649051276,0.0006790317495541931,0.10059428356388511,0.0038873352768487024,-0.0013882048422819704,-0.00186527017754623,-0.0027891830089127323,-0.011270315202709935,-0.10677800469583221,-0.004400868151970827,-0.0037415132902918202,0.0003251059017694846,-0.0024809473794623615,-0.18347747388865632
SPFLOW_origin_USA,0.01470395388573631,0.0008047410763190044,-0.12170182231485693,0.013041021651134521,-0.043991375459140336,-0.009225131748904492,-0.0008974842805387073,0.041901121777720984,-0.16144422154107052,0.001185410947033283,0.0002314778492773506,0.01815268369249945,0.0115066518369078,-0.014564287312611168,0.03962111035898608,0.02252985727366763,0.016120287642186204,0.038575875913419155,0.09480101859686618,0.04350839841473886,0.09023595186093747,-0.06550144848084749,-0.0525662068583399,-0.05703058983487497,0.0736014548947761,0.06321586554333236,-0.055028973904742706,-0.04878225508991141,-0.07818490592623517,-3.449235341790313e-10,-1.973032848212597e-11,-2.3054336217853688e-11,5.607736497381666e-12,-4.2575387659837816e-11,6.7346128673761996e-12,-2.544675581361844e-10,-1.8859691586214922e-10,4.440892098500626e-15,-4.002354003773689e-12,7.025380277525528e-11,0.0016729562796080621,0.0019074459447265824,0.0012252057944261985,0.0010829517318189374,0.0010197201018513624,0.00044458975787309285,0.001590079031568159,0.0014785974382547362,0.0012061559078935247,0.0009874354346806058,0.0008202177230431928
SPFLOW_origin_EUR,0.026889690185700754,0.003076364350751426,-0.07667223181058891,-0.06581178510071006,-0.0191048881763195,0.0001117905186598378,-0.0004047292760672727,0.04696405876407961,-0.17162415131032505,0.05465433073956971,0.014283916970437849,-0.0022647363739547455,0.01433526881134739,-0.03295883934728072,0.019841690129456246,0.003436971263205413,0.001559825005340576,0.03357338306472224,0.12883605911478968,0.15190565959316782,0.17579512800414254,-0.01553149090441408,-0.004902017086133581,-0.011177962302218458,0.1405653670834639,0.13156317425946806,-0.0063774958006967974,-0.0014357228570222036,-0.030849421098841923,-8.023637310117238e-10,-1.6379952949563403e-10,-2.5849877793859832e-11,6.452727241423872e-11,4.98988628194752e-10,1.2504441926353138e-11,-3.7872649460979346e-10,-2.7237156974280197e-10,2.1962653917739772e-10,2.074895810721955e-10,1.2174705688039467e-10,0.0007542920205283465,0.0008600064795838414,0.0005524264176459681,0.0004882905542014093,0.0004597824513974391,0.00020047272417444972,0.0007169282837882207,0.0006666678968469952,0.0005438384714973044,0.00044522690371029405,0.0003698320918577025
SPFLOW_origin_JAP,0.0011343945902497765,0.0022876064049370815,-0.035558834111502624,-0.03615553272829419,-0.061471513386655574,-0.013855065998341631,-0.0014383511358523338,-0.015893711851566183,-0.115488353264257,0.02888032882077729,-0.013521175265496232,0.03907312121526396,0.03519787494812188,0.057186031265632487,0.02031265200217347,0.039170475307687136,0.04552128776601494,0.03200919477278186,-0.0069128568063747675,-0.023304108899359077,0.04681843989177814,-0.12836717043786416,-0.12100951712049113,-0.12464207363487467,-0.005496637537187321,-0.007090337092560128,-0.1217625859670124,-0.11963858772785885,-0.14074176368534475,-7.526601564222801e-10,-7.98622279418737e-11,-1.5246692797177275e-11,-6.052880419105122e-11,-8.403389095690272e-11,3.184119634624949e-12,-1.793237780489676e-10,-1.0714318321447536e-10,2.936095810923689e-11,1.3492540418269527e-11,3.643307877609914e-11,0.0026817200089890303,0.003057646195900876,0.001963931395391194,0.0017358911000231458,0.0016345293328678956,0.0007126125522394222,0.002548856624871032,0.0023701386351482334,0.0019333927855447186,0.001582776669769581,0.0013147272732283444
SPFLOW_origin_CHN,0.004698347279723514,0.001380587448437387,-0.011175003574238063,-0.005141806010315886,0.1340994422889541,0.018260285216277206,-0.0006237597823022245,0.019728885648483407,-0.06214590166594591,0.02203831890591257,0.04575781923469746,0.028994879697704645,0.034855816398242645,0.03778496413888943,0.03173250605185918,0.024479564139768817,0.026543194279322613,0.017180339591678084,0.026901911892006636,0.022432614768246317,0.04789585071727109,0.5854029046738407,0.047008720836603235,0.04393615510481119,0.032902090474360435,0.031712787222792915,0.046474283755228996,0.04784260351854197,0.03480242256789112,7.771561172376096e-15,-8.076372903786933e-11,-5.9396931817445875e-12,-3.8208047836718606e-10,-4.8003268027230206e-11,7.149836278586008e-13,-7.215339437038892e-11,-4.5068393461633605e-11,3.008704396734174e-13,-4.768407890765047e-12,6.047384815133228e-12,0.0011625970289208531,0.001325542675190139,0.0008514510780233131,0.0007525947008768519,0.0007086539079226295,0.00030897056135459344,0.001105005400984238,0.0010275362170808489,0.000838212651883552,0.0006862183882094808,0.0005700133299690879
SPFLOW_origin_BRA,3.273630555078455e-05,-8.16203950804173e-05,3.6635865446887905e-05,0.012390254670137102,0.006612988750116511,0.012036997565634255,1.519858516818573e-06,-0.00010280132077877813,-7.786714220414659e-05,0.005163564259137443,0.000301520372988362,0.00019329775835075225,0.00014883538148602327,0.0002905403975816956,0.000639146940345503,0.00015556453719978158,0.00010560417403771005,1.6524060051370526e-05,0.00013805546801304303,0.003468476505502638,0.019679138787410677,0.00360914401405954,0.5062887785367709,0.005832340421243476,0.005421873667960098,0.0019988466043729947,0.006160695141179673,0.015287227112693591,-6.021341533879454e-05,0.0,-9.381384558082573e-14,-4.9960036108132044e-15,-1.1102230246251565e-13,-9.603429163007604e-14,1.1102230246251565e-15,-5.939693181744587e-14,-3.7192471324942744e-14,-5.551115123125783e-16,-6.661338147750939e-15,6.661338147750939e-15,-2.832109738393207e-06,-3.22899587790193e-06,-2.074217190228822e-06,-1.8334127127594968e-06,-1.72637403872411e-06,-7.527216205893694e-07,-2.691830981449428e-06,-2.50313290761639e-06,-2.0419692609019435e-06,-1.6717217149464503e-06,-1.3886463995360643e-06
SPFLOW_origin_IND,-0.0020682927636767046,0.0009867810195318683,-0.008811064849037487,-0.014234054575004706,0.004891653439942356,-0.0008070692412409652,-0.0001096675162709504,-0.013133052665555423,-0.029517758362211932,-0.004456888505144363,0.026943080105640282,0.019256158192630934,0.01851928088017707,0.022674012504013685,0.02873620005296007,0.02036798794596395,0.0171413159097622,0.007891138107822826,-0.015703814450345743,-0.01629870065412875,-0.008287629880274205,-0.013269272143935362,-0.011088700714996236,0.49544595266644564,-0.013940908921331041,-0.011365892907874708,-0.011314233493155967,-0.01077451424167708,-0.013671563949361198,1.1102230246251565e-15,-3.869293774272364e-11,-2.5041080320420406e-12,-6.06026340221888e-11,-3.1754043838816415e-11,-2.374378471614591e-11,-3.140598892059643e-11,-2.0623502905436908e-11,-9.159339953157541e-14,-3.999023334699814e-12,3.4450220454118607e-12,0.0002043636163984175,0.00023300339716869622,0.00014967355836059681,0.0001322970724559891,0.00012457321680092726,5.431493824703537e-05,0.00019424096193043638,0.00018062435679588873,0.0001473466243739896,0.00012062954946712168,0.0001002029701258067
SPFLOW_origin_CAN,-0.005174453776966015,0.0013266125681665741,-0.007110637814069509,-0.015461013177454075,-0.021808451780861438,0.0040817921685110115,-0.0001885127938605624,-0.0007666169827946767,-0.051874455659605134,0.005874328590175226,0.0677738556714369,0.004049701287577312,0.013139525109101546,0.0859295914602154,0.028019862613983815,0.004137013645150178,0.005069319361288294,0.01088231494198899,-0.02628660357003265,-0.035707196506858385,-0.02048717980835557,-0.06475216980764753,-0.04095672449533627,-0.04373376019674968,-0.006134944430018496,-0.024822014950931504,-0.04102579099364567,-0.04026089242448294,-0.06123972488003837,2.220446049250313e-15,-5.892231147441862e-11,-5.287992266289621e-12,-1.3567813539339113e-10,-3.7259084706420253e-11,7.227551890309769e-13,-7.12258030333146e-11,-3.9909742177712815e-11,9.78106484694763e-13,-9.08162434143378e-13,8.808509477375992e-12,0.0003513011983413694,0.0004005338261281466,0.0002572879104101311,0.00022741753395894015,0.00021414024469534887,9.336728322373311e-05,0.0003339001002278241,0.0003104928604569235,0.00025328791314782606,0.00020736106565832912,0.0001722476862853206
SPFLOW_origin_KOR,0.005200693285061231,0.00291059331955279,-0.017871316839084272,-0.06337214867045804,-0.0216070037159255,-0.008882239090585164,-0.0004211757290911722,0.013549461521946693,-0.04578376948323415,0.03862252949438094,0.07993972106928204,0.02758171281432742,0.029025839922182106,0.04823745960895076,0.03365206846420943,0.01995053778671596,0.026028222197461703,0.011059001553754833,0.02037549284624851,0.01159812575570629,0.03962808171887544,-0.04570706390888468,-0.023865983517769584,-0.027070506348826906,0.024509335530839005,0.06097894433816031,-0.023250425191531088,-0.022559339875327655,-0.045821872045876955,1.1102230246251565e-15,-5.181910456286687e-11,-4.590772206825022e-12,-9.78994663114463e-11,-2.6293967003709895e-11,8.01581023779363e-13,-5.5467852533297446e-11,-3.859523811655663e-11,7.650546862691954e-12,2.432498646953718e-12,9.515721544062217e-12,0.0007849485272981571,0.0008949595079532635,0.0005748784721493205,0.0005081350032432042,0.00047846763647441115,0.00020861305453645507,0.0007460658857172398,0.0006937627991909778,0.0005659404897173648,0.00046332002727078603,0.0003848622747570918
SPFLOW_origin_RUS,-0.003931482671945541,-7.948340928765063e-06,-0.028070943428573636,0.014200673160412736,-0.012239017312780098,0.002388842800222779,-9.608235230218476e-05,-0.005615615758191028,-0.07252942971159249,-0.0032838481540092834,0.01938567517870804,0.01564157664206589,0.015142702405956943,0.017166474222523043,0.022791737733247608,0.017729540088908813,0.017338631265585436,0.01928106043665334,-0.02517215897656966,-0.031130039761572692,-0.002117121304609504,-0.02689328528234669,-0.022222796062286165,-0.023688511697594894,-0.0224283298036676,-0.02197916053755522,0.46889238285594104,-0.021645003333107815,-0.029203975181305575,4.440892098500626e-15,-7.561007375755935e-11,-7.008282842946301e-12,-1.552896700118822e-10,-6.803557717205422e-11,9.847678228425139e-13,-8.926803740649802e-11,-5.82150994077324e-11,-7.59170504238682e-12,-6.345479697245082e-12,1.123878767828046e-11,0.00017904694658121834,0.00020413874390334819,0.0001311318712449161,0.0001159079963386489,0.00010914107031578801,4.758726365405863e-05,0.00017017829502807835,0.00015824852739765305,0.0001290933293107699,0.00010568603704519397,8.778989103563895e-05
SPFLOW_origin_MEX,0.005327049359904468,0.00048735363511021035,-0.03343278070014388,-0.042999950662935826,0.014054729637337227,0.004623620844247389,-9.757513982910915e-05,0.02378306810220776,-0.04886456658380056,0.02797271997509787,0.04186835120950305,0.022530634091258994,0.02605420080472154,0.03522394807937035,0.03913331185675828,0.022488066433815623,0.024128064254689274,0.01271797552347631,0.028003775349089155,0.023859243467000413,0.040748869167995805,0.030818523419892108,0.03658312552236587,0.03446402925152414,0.03288333071555183,0.031594814364911405,0.03571665622704723,0.5294909782531154,0.029446295363544372,3.3306690738754696e-15,-5.032474437172141e-11,-4.720668300706166e-12,-8.881728685850021e-11,-1.7724710588140624e-11,8.01581023779363e-13,-5.499045663270863e-11,-3.633204848085825e-11,9.110490140074035e-12,-2.5357493882438575e-12,8.30224777814692e-12,0.00018182882190020955,0.00020731048193667334,0.0001331693424910796,0.00011770896262586206,0.00011083687364688011,4.832650430275365e-05,0.0001728223849917221,0.00016070727119954498,0.00013109908388098113,0.00010732805843072235,8.915387998409408e-05
SPFLOW_origin_ROW,0.017603711512630404,0.001318450176540642,-0.06122854153752244,-0.001313824946254094,0.09741457096302142,-0.007879501553072488,0.0007289258068943205,0.00866653132455042,-0.12411095154417795,0.008462604584419386,0.041405897946015235,0.00890086399642609,0.02506262387032998,0.010510106387481288,0.028247155544952607,0.0028207510207356457,0.006947830897775509,0.026276934744405844,0.07216343252165247,0.06436183875748513,0.11535288723611092,0.06921307222960138,0.08913664115810405,0.08246555860743521,0.08056072899148337,0.07924821025296569,0.08759594518533365,0.09052772387698194,0.6562195988796893,2.886579864025407e-14,-1.3320344827150166e-10,-1.912137115311907e-11,-5.225136989750467e-10,-2.161132384159714e-10,1.2756462552943049e-12,-2.2668811272552603e-10,-1.5632994898595598e-10,1.5262235919522027e-11,-1.8249846078788323e-11,-1.3263603548807623e-08,-0.0013579013128373063,-0.0015481654593096916,-0.000994553894340111,-0.0008791024077720033,-0.0008277823273133977,-0.0003609400404391838,-0.00129065109107096,-0.0012001870171773898,-0.0009790925387220817,-0.0008015789111120997,-0.0006658600680120585
